url_path,views_total,views_unique
/peff74/ESP_AHT20_BMP280,104,82
/peff74/ESP_AHT20_BMP280/blob/main/AHT20_BMP280.jpg,55,12
/peff74/ESP_AHT20_BMP280/tree/main/AHT20_BMP280,41,28
/peff74/ESP_AHT20_BMP280/blob/main/AHT20_BMP280/AHT20_BMP280.ino,23,17
/peff74/ESP_AHT20_BMP280/blob/main/Data Sheet AHT20.pdf,17,15
/peff74/ESP_AHT20_BMP280/tree/main,14,5
/peff74/ESP_AHT20_BMP280/blob/main/README.md,12,9
/peff74/ESP_AHT20_BMP280/blob/main/AHT20_BMP280/AHT20.ino,11,7
/peff74/ESP_AHT20_BMP280/blob/main/Data Sheet BMP280.pdf,9,8
/peff74/ESP_AHT20_BMP280/blob/main/AHT20_BMP280/BMP280.ino,5,5
